{
  "GET All Activities" : {
    "transaction" : "GET All Activities",
    "sampleCount" : 200,
    "errorCount" : 0,
    "errorPct" : 0.0,
    "meanResTime" : 122.97499999999991,
    "medianResTime" : 76.5,
    "minResTime" : 29.0,
    "maxResTime" : 940.0,
    "pct1ResTime" : 220.8,
    "pct2ResTime" : 471.7999999999997,
    "pct3ResTime" : 895.1200000000008,
    "throughput" : 29.04443799012489,
    "receivedKBytesPerSec" : 88.11469830090037,
    "sentKBytesPerSec" : 4.992012779552716
  },
  "GET All Books" : {
    "transaction" : "GET All Books",
    "sampleCount" : 200,
    "errorCount" : 0,
    "errorPct" : 0.0,
    "meanResTime" : 139.52000000000007,
    "medianResTime" : 121.0,
    "minResTime" : 54.0,
    "maxResTime" : 502.0,
    "pct1ResTime" : 228.0,
    "pct2ResTime" : 269.84999999999997,
    "pct3ResTime" : 483.5600000000004,
    "throughput" : 33.145508783559826,
    "receivedKBytesPerSec" : 3156.3441928032817,
    "sentKBytesPerSec" : 5.53504101756712
  },
  "Total" : {
    "transaction" : "Total",
    "sampleCount" : 1200,
    "errorCount" : 0,
    "errorPct" : 0.0,
    "meanResTime" : 105.34416666666664,
    "medianResTime" : 88.5,
    "minResTime" : 22.0,
    "maxResTime" : 940.0,
    "pct1ResTime" : 153.0,
    "pct2ResTime" : 211.85000000000014,
    "pct3ResTime" : 483.97,
    "throughput" : 167.31734523145568,
    "receivedKBytesPerSec" : 4048.3708889605414,
    "sentKBytesPerSec" : 28.504949804796432
  },
  "GET Book" : {
    "transaction" : "GET Book",
    "sampleCount" : 200,
    "errorCount" : 0,
    "errorPct" : 0.0,
    "meanResTime" : 97.26999999999998,
    "medianResTime" : 88.0,
    "minResTime" : 33.0,
    "maxResTime" : 427.0,
    "pct1ResTime" : 143.70000000000002,
    "pct2ResTime" : 171.39999999999986,
    "pct3ResTime" : 332.880000000001,
    "throughput" : 33.715441672285905,
    "receivedKBytesPerSec" : 24.418507406861092,
    "sentKBytesPerSec" : 5.703967886041807
  },
  "GET Author" : {
    "transaction" : "GET Author",
    "sampleCount" : 200,
    "errorCount" : 0,
    "errorPct" : 0.0,
    "meanResTime" : 84.50000000000004,
    "medianResTime" : 76.0,
    "minResTime" : 25.0,
    "maxResTime" : 488.0,
    "pct1ResTime" : 127.9,
    "pct2ResTime" : 137.0,
    "pct3ResTime" : 459.6600000000021,
    "throughput" : 33.17299718029524,
    "receivedKBytesPerSec" : 10.713841433073478,
    "sentKBytesPerSec" : 5.676988306518494
  },
  "GET All Authors" : {
    "transaction" : "GET All Authors",
    "sampleCount" : 200,
    "errorCount" : 0,
    "errorPct" : 0.0,
    "meanResTime" : 107.90000000000006,
    "medianResTime" : 102.0,
    "minResTime" : 39.0,
    "maxResTime" : 477.0,
    "pct1ResTime" : 148.9,
    "pct2ResTime" : 166.0,
    "pct3ResTime" : 462.4400000000005,
    "throughput" : 32.96522169111588,
    "receivedKBytesPerSec" : 1500.6757226594693,
    "sentKBytesPerSec" : 5.569319680237349
  },
  "GET Activity" : {
    "transaction" : "GET Activity",
    "sampleCount" : 200,
    "errorCount" : 0,
    "errorPct" : 0.0,
    "meanResTime" : 79.89999999999998,
    "medianResTime" : 71.5,
    "minResTime" : 22.0,
    "maxResTime" : 481.0,
    "pct1ResTime" : 114.70000000000002,
    "pct2ResTime" : 135.95,
    "pct3ResTime" : 450.6800000000003,
    "throughput" : 33.06878306878307,
    "receivedKBytesPerSec" : 11.364649212549603,
    "sentKBytesPerSec" : 5.756035052910053
  }
}