{
  "GET All Activities" : {
    "transaction" : "GET All Activities",
    "sampleCount" : 200,
    "errorCount" : 0,
    "errorPct" : 0.0,
    "meanResTime" : 38.35000000000001,
    "medianResTime" : 26.0,
    "minResTime" : 18.0,
    "maxResTime" : 1927.0,
    "pct1ResTime" : 35.900000000000006,
    "pct2ResTime" : 38.94999999999999,
    "pct3ResTime" : 324.97000000000185,
    "throughput" : 8.126447523465117,
    "receivedKBytesPerSec" : 24.638452445044898,
    "sentKBytesPerSec" : 1.396733168095567
  },
  "GET All Books" : {
    "transaction" : "GET All Books",
    "sampleCount" : 200,
    "errorCount" : 0,
    "errorPct" : 0.0,
    "meanResTime" : 71.52,
    "medianResTime" : 56.0,
    "minResTime" : 39.0,
    "maxResTime" : 2165.0,
    "pct1ResTime" : 81.9,
    "pct2ResTime" : 98.94999999999999,
    "pct3ResTime" : 172.61000000000035,
    "throughput" : 8.2223318533136,
    "receivedKBytesPerSec" : 783.0246265262703,
    "sentKBytesPerSec" : 1.3730651825357671
  },
  "Total" : {
    "transaction" : "Total",
    "sampleCount" : 1200,
    "errorCount" : 0,
    "errorPct" : 0.0,
    "meanResTime" : 40.19083333333328,
    "medianResTime" : 31.0,
    "minResTime" : 18.0,
    "maxResTime" : 2165.0,
    "pct1ResTime" : 56.0,
    "pct2ResTime" : 67.0,
    "pct3ResTime" : 116.98000000000002,
    "throughput" : 48.38904794548167,
    "receivedKBytesPerSec" : 1178.2964723879995,
    "sentKBytesPerSec" : 8.243779991128674
  },
  "GET Book" : {
    "transaction" : "GET Book",
    "sampleCount" : 200,
    "errorCount" : 0,
    "errorPct" : 0.0,
    "meanResTime" : 35.6,
    "medianResTime" : 33.0,
    "minResTime" : 23.0,
    "maxResTime" : 329.0,
    "pct1ResTime" : 42.900000000000006,
    "pct2ResTime" : 47.0,
    "pct3ResTime" : 54.98000000000002,
    "throughput" : 8.234519104084322,
    "receivedKBytesPerSec" : 5.9633518867341895,
    "sentKBytesPerSec" : 1.3931133687417654
  },
  "GET Author" : {
    "transaction" : "GET Author",
    "sampleCount" : 200,
    "errorCount" : 0,
    "errorPct" : 0.0,
    "meanResTime" : 27.074999999999996,
    "medianResTime" : 27.0,
    "minResTime" : 18.0,
    "maxResTime" : 55.0,
    "pct1ResTime" : 34.900000000000006,
    "pct2ResTime" : 36.94999999999999,
    "pct3ResTime" : 45.99000000000001,
    "throughput" : 8.2389289392379,
    "receivedKBytesPerSec" : 2.6609165808444906,
    "sentKBytesPerSec" : 1.4099510813594234
  },
  "GET All Authors" : {
    "transaction" : "GET All Authors",
    "sampleCount" : 200,
    "errorCount" : 0,
    "errorPct" : 0.0,
    "meanResTime" : 40.54500000000002,
    "medianResTime" : 38.0,
    "minResTime" : 25.0,
    "maxResTime" : 181.0,
    "pct1ResTime" : 52.80000000000001,
    "pct2ResTime" : 58.89999999999998,
    "pct3ResTime" : 114.81000000000017,
    "throughput" : 8.225037012666556,
    "receivedKBytesPerSec" : 382.0426076194687,
    "sentKBytesPerSec" : 1.389581448429018
  },
  "GET Activity" : {
    "transaction" : "GET Activity",
    "sampleCount" : 200,
    "errorCount" : 0,
    "errorPct" : 0.0,
    "meanResTime" : 28.05500000000001,
    "medianResTime" : 26.0,
    "minResTime" : 18.0,
    "maxResTime" : 337.0,
    "pct1ResTime" : 33.0,
    "pct2ResTime" : 37.94999999999999,
    "pct3ResTime" : 43.0,
    "throughput" : 8.225713580653123,
    "receivedKBytesPerSec" : 2.826625092539278,
    "sentKBytesPerSec" : 1.431788270132434
  }
}